{"cameraMode":{"drawMode":0,"name":"Shaded","section":"Shading Mode"},"sceneLighting":true,"audioPlay":false,"sceneViewState":{"m_AlwaysRefresh":false,"showFog":true,"showSkybox":true,"showFlares":true,"showImageEffects":true,"showParticleSystems":true,"showVisualEffectGraphs":true,"m_FxEnabled":true},"in2DMode":false,"pivot":{"x":260.42010498046877,"y":7.1782379150390629,"z":294.0932312011719},"rotation":{"x":-0.24602381885051728,"y":0.2126014530658722,"z":-0.05587852746248245,"w":-0.9442140460014343},"size":14.049094200134278,"orthographic":false}